car_age,km_thousands,engine_cc,price_lakh
13,146,1300,14.2
4,36,1800,44.2
1,1,1800,49.6
4,44,1800,50.6
6,78,1300,32.2
13,170,1000,3.7
7,94,800,20.4
1,49,1300,39.7
5,65,1300,29.0
9,101,1300,25.2
13,184,660,3.0
11,116,800,5.4
15,195,1800,17.4
3,22,1000,29.4
14,173,1000,6.6
0,1,1500,39.7
8,109,1800,39.5
4,46,1300,36.1
3,21,1500,40.5
10,145,1300,21.0
4,59,1500,37.9
8,97,1000,15.8
4,37,800,21.0
2,23,1800,54.9
11,130,1500,20.3
6,83,1500,35.3
10,132,1300,21.8
10,110,660,4.0
15,172,1000,3.0
6,64,1500,31.1
3,16,800,22.0
10,111,1800,34.6
14,167,1800,26.9
15,190,1500,13.2
13,176,800,11.3
10,108,1000,13.0
6,80,660,14.1
6,65,1000,22.1
0,31,1000,32.6
2,23,800,29.8
5,68,1500,35.3
5,46,660,20.7
9,96,660,11.7
8,99,1000,15.1
11,126,1300,23.0
14,173,1800,23.7
14,145,1000,15.0
12,154,1500,21.0
15,167,1300,9.0
5,86,1300,25.3
14,164,1500,14.7
14,184,1800,23.5
3,15,660,18.1
7,90,1300,24.0
9,95,1000,14.7
11,125,800,6.8
11,132,1300,24.0
1,7,1500,40.5
7,88,1500,31.1
1,23,1000,29.6
15,190,1500,11.4
3,35,1800,45.0
7,64,1500,31.0
14,156,800,3.5
8,93,800,12.9
10,88,660,5.4
7,95,800,16.8
13,152,1500,21.5
9,104,1800,35.8
10,134,660,6.3
7,94,1000,17.6
6,75,1800,44.3
9,93,1000,18.3
8,101,1000,16.9
12,149,1500,18.7
9,95,1500,33.9
7,100,660,11.6
13,164,660,8.3
3,6,1500,40.5
7,86,1300,30.4
7,65,660,11.4
14,185,1500,18.5
7,96,1500,35.0
9,91,660,6.1
1,1,1800,53.1
13,158,1300,15.9
7,80,1000,20.9
7,107,660,12.8
1,23,660,27.1
11,128,800,9.8
10,129,1000,14.6
5,30,1000,24.8
12,149,1800,26.5
8,109,1300,23.1
0,1,1300,40.9
3,25,660,22.7
4,56,800,20.3
1,41,800,23.0
8,99,1800,40.1
0,1,1500,45.1
8,118,1000,15.2
11,104,1500,25.1
9,116,1300,24.9
7,75,1000,13.6
4,62,1500,35.3
14,155,800,3.0
5,80,1300,30.2
13,161,1500,17.7
7,58,1800,39.9
6,42,1000,27.9
11,127,1800,31.0
15,199,800,3.0
12,146,1500,24.8
9,109,1800,34.9
1,8,1500,46.9
12,155,800,3.2
12,150,1000,8.0
6,76,1500,31.5
5,45,1500,40.3
3,54,1300,34.3
15,200,660,3.0
2,4,1300,35.8
7,119,660,16.0
2,35,1500,45.1
12,137,1500,22.4
9,79,1500,27.9
2,34,1500,38.4
1,20,1800,53.5
1,3,1000,34.1
0,1,1800,50.7
13,173,1800,30.8
13,147,800,5.6
6,65,1800,39.9
1,55,660,21.0
4,80,1500,36.6
7,98,1800,40.4
8,89,1500,30.7
7,94,800,10.1
9,74,800,17.1
9,110,800,12.1
10,109,800,13.4
8,77,1500,35.4
7,60,1800,40.8
14,176,1800,26.6
13,157,1000,10.1
12,146,1800,32.3
0,13,1300,41.5
9,95,1300,22.4
14,149,1500,19.2
9,81,1000,15.0
3,31,800,22.3
8,107,1800,31.8
8,94,660,10.2
15,190,1500,12.8
8,78,660,8.9
3,29,1300,36.4
1,1,660,25.8
11,113,660,10.0
15,208,1800,23.3
8,109,800,8.6
1,1,660,25.3
0,1,660,24.7
12,143,800,6.3
4,26,1800,45.5
7,91,660,9.5
14,149,800,3.0
4,42,1000,25.0
12,129,800,3.0
1,5,1800,51.2
0,1,1300,42.4
0,1,1000,38.6
4,34,800,21.4
7,74,800,14.7
0,1,1300,44.2
9,109,1800,37.9
13,179,1800,31.8
8,108,1300,27.1
1,8,1800,53.0
13,167,1800,31.5
0,1,800,34.5
8,118,1300,23.6
15,188,1800,24.0
5,40,1800,40.4
7,95,1000,18.9
4,60,1500,36.0
5,20,1300,33.1
3,25,1000,27.8
0,1,800,29.5
11,103,1500,25.5
6,56,1800,44.6
15,166,1300,12.6
5,68,800,17.6
12,149,1000,6.0
8,135,1500,33.0
10,114,1500,31.2
0,17,1300,40.5
13,157,1800,29.6
2,28,1500,38.6
15,163,1000,3.0
3,7,660,20.6
