size_marla,bedrooms,age_years,distance_km,price_lakh
11,5,4,7.7,131.3
12,5,17,14.2,113.5
16,5,4,14.4,170.9
20,8,12,13.0,185.3
3,3,21,11.2,31.2
5,4,24,14.8,43.9
17,6,17,24.2,136.7
20,8,18,12.0,233.7
7,2,9,21.1,37.5
8,5,26,2.3,79.8
18,6,5,10.3,178.1
10,4,22,14.5,104.0
7,4,2,15.9,66.9
17,7,18,7.0,191.1
7,4,7,10.6,88.6
10,3,8,23.7,86.2
14,7,10,16.6,132.4
12,6,24,15.0,109.0
4,1,24,2.6,58.0
3,1,7,2.3,27.5
18,6,16,6.1,180.1
16,5,2,4.3,179.0
18,6,27,24.6,163.2
12,4,29,1.1,126.2
17,8,11,9.8,198.4
8,3,16,2.4,77.8
11,6,16,16.4,122.9
17,8,23,2.1,198.3
5,2,2,2.6,50.4
8,5,16,2.9,118.3
5,4,26,7.5,80.5
11,4,18,14.8,93.2
20,7,17,20.3,191.6
5,3,1,7.4,84.9
9,3,28,7.8,64.1
10,4,5,20.8,70.9
19,7,10,18.9,174.1
6,3,20,4.0,60.2
12,5,14,20.4,104.3
7,3,17,21.0,60.2
3,1,18,5.3,32.9
16,6,4,16.0,151.8
4,2,0,5.7,64.3
8,5,29,6.8,106.1
11,6,25,12.9,124.0
11,6,4,13.5,137.4
5,3,20,12.5,45.5
20,8,15,14.0,218.8
16,5,22,6.1,150.7
20,8,4,19.7,216.3
4,2,21,7.7,36.6
16,6,22,22.9,155.6
8,3,30,13.4,68.5
12,4,8,8.3,116.1
19,6,13,5.2,204.3
7,2,4,12.6,85.5
16,6,0,10.0,165.4
5,2,1,16.0,43.5
8,3,13,13.0,67.9
20,7,5,1.9,210.2
10,5,23,21.0,96.6
12,4,5,2.2,156.4
8,5,19,20.9,80.1
5,3,16,20.5,39.4
10,3,10,23.2,81.6
14,7,13,16.9,148.1
11,6,30,4.9,108.9
16,7,29,11.6,169.1
9,3,8,11.5,104.9
14,7,29,16.2,144.7
16,7,6,10.1,172.7
19,8,24,17.2,186.9
10,5,10,5.9,116.2
3,2,20,9.5,48.2
15,6,20,14.0,150.2
12,6,26,11.3,97.7
18,8,11,3.9,212.1
11,6,29,24.2,112.1
9,4,27,17.6,81.2
4,2,0,21.0,45.1
11,5,3,9.6,127.6
14,5,3,23.7,109.4
16,5,20,20.5,120.5
18,7,11,24.5,156.5
6,3,4,5.7,75.7
13,4,2,12.5,140.4
17,6,28,10.3,173.4
7,2,18,15.7,51.0
9,5,1,7.0,126.2
18,7,8,3.4,202.1
13,4,20,12.4,113.9
12,6,8,16.3,137.4
15,7,23,10.2,145.3
12,4,8,24.7,71.8
20,8,19,10.7,196.0
16,7,3,8.2,185.4
3,3,25,20.5,10.0
5,3,22,12.2,39.8
12,6,16,7.6,129.8
17,6,20,7.9,158.0
4,1,1,23.7,10.0
15,7,18,24.1,133.9
16,6,14,16.5,151.5
17,7,1,7.7,210.8
18,8,0,18.1,199.3
6,2,13,6.2,45.3
12,5,22,8.7,112.1
17,8,21,14.0,183.7
9,5,5,10.6,128.9
6,2,4,9.4,71.3
11,6,7,24.4,110.5
4,3,11,5.1,76.9
6,4,4,15.7,67.0
18,6,0,1.9,205.4
15,7,11,3.2,159.4
18,7,2,6.0,200.2
18,8,6,24.8,206.1
18,6,6,18.4,162.5
8,3,11,21.8,65.6
11,6,12,2.2,119.2
14,6,1,17.4,150.6
7,3,14,11.6,80.1
19,8,28,11.0,189.2
3,3,27,18.0,22.2
18,6,4,8.4,204.9
14,6,9,13.3,154.2
7,4,20,7.3,96.6
15,7,0,10.4,183.7
10,4,17,13.8,92.0
18,7,25,4.8,181.6
20,8,24,7.6,199.3
8,3,1,11.1,95.3
11,4,8,12.3,110.3
6,3,2,20.2,89.9
15,7,15,16.4,175.5
14,7,29,14.5,133.5
18,8,24,21.9,166.0
17,6,23,5.7,196.3
20,7,23,3.5,188.7
20,8,10,10.4,211.0
19,8,30,4.3,212.0
5,4,4,14.3,49.4
3,3,4,14.8,30.9
11,5,11,4.2,124.7
9,5,14,18.2,95.4
19,7,10,14.4,198.1
17,7,14,11.2,184.8
10,4,27,23.0,81.0
13,5,14,21.5,118.9
13,5,12,6.3,156.3
19,8,19,5.0,199.6
3,2,2,23.0,10.0
11,4,27,4.8,88.9
15,5,28,19.2,109.3
11,4,0,8.5,119.6
19,7,19,9.7,208.6
20,8,30,14.3,196.6
17,8,3,23.2,168.6
11,6,4,1.0,131.5
18,6,3,4.9,195.9
4,2,28,18.3,11.3
14,7,14,10.5,147.3
7,4,29,7.9,50.8
7,3,2,24.1,54.5
15,7,21,7.3,174.5
16,5,19,18.1,120.6
18,7,16,24.1,165.2
6,4,19,19.3,24.4
18,7,3,18.0,189.8
17,6,0,18.4,166.4
8,5,19,20.3,46.3
4,1,25,7.5,31.0
16,6,27,16.0,170.2
17,8,24,20.3,164.7
11,5,14,22.3,113.3
5,2,28,22.7,17.7
5,2,1,22.7,14.3
9,5,20,3.3,110.9
16,5,15,10.0,157.0
8,4,21,12.0,59.7
3,1,26,22.4,10.0
15,7,5,11.1,172.8
16,7,24,7.4,162.4
6,3,0,1.5,97.2
13,5,14,7.9,128.5
10,4,2,19.7,106.6
12,6,7,1.5,138.9
3,3,29,5.0,37.7
14,6,12,8.5,140.4
7,2,20,13.8,74.2
12,4,29,9.7,113.3
10,4,29,22.2,90.7
13,5,2,6.0,141.5
4,2,10,14.5,30.5
9,5,30,19.7,82.5
14,6,23,23.3,89.7
16,7,13,22.0,142.8
9,3,2,4.3,120.3
3,2,20,20.0,16.6
16,5,5,17.2,170.9
