student_id,city,study_hours,phone_hours,height_cm,maths,english,science
1,Lahore,3.0,3.5,177.0,49.0,61.0,54.0
2,Islamabad,3.4,2.7,173.0,71.0,59.0,71.0
3,Lahore,2.7,4.2,157.0,56.0,66.0,54.0
4,Karachi,1.9,7.4,158.0,39.0,55.0,53.0
5,Lahore,2.5,2.8,161.0,69.0,65.0,70.0
6,Karachi,1.8,3.1,167.0,59.0,55.0,63.0
7,Karachi,3.1,4.3,163.0,48.0,54.0,54.0
8,Karachi,4.6,4.7,167.0,56.0,72.0,65.0
9,Karachi,2.4,3.7,167.0,58.0,60.0,53.0
10,Lahore,2.3,3.7,163.0,44.0,67.0,57.0
11,Karachi,3.6,5.1,165.0,57.0,58.0,64.0
12,Islamabad,3.4,4.8,167.0,62.0,65.0,67.0
13,Karachi,3.1,2.4,164.0,52.0,48.0,61.0
14,Karachi,1.9,3.9,169.0,32.0,62.0,43.0
15,Lahore,3.0,4.1,180.0,57.0,53.0,61.0
16,Karachi,3.8,2.4,170.0,70.0,52.0,74.0
17,Islamabad,1.4,4.4,165.0,38.0,53.0,53.0
18,Karachi,2.5,2.7,152.0,57.0,70.0,63.0
19,Lahore,0.7,5.5,168.0,23.0,35.0,33.0
20,Islamabad,1.5,4.3,149.0,31.0,44.0,50.0
21,Islamabad,0.8,4.1,154.0,35.0,43.0,56.0
22,Karachi,2.7,3.1,172.0,50.0,51.0,64.0
23,Lahore,1.5,3.8,171.0,32.0,57.0,49.0
24,Islamabad,3.3,1.0,164.0,74.0,58.0,63.0
25,Lahore,3.2,2.3,151.0,64.0,58.0,72.0
26,Islamabad,2.8,4.5,162.0,55.0,67.0,60.0
27,Karachi,0.0,0.8,160.0,35.0,38.0,34.0
28,Karachi,2.4,5.3,170.0,41.0,63.0,55.0
29,Islamabad,2.9,1.4,183.0,59.0,54.0,54.0
30,Lahore,3.1,5.1,167.0,46.0,53.0,48.0
31,Lahore,1.2,2.7,159.0,46.0,36.0,52.0
32,Islamabad,2.4,5.2,156.0,40.0,76.0,60.0
33,Islamabad,1.8,4.2,165.0,47.0,53.0,54.0
34,Islamabad,2.0,1.7,164.0,59.0,59.0,65.0
35,Lahore,4.3,5.9,156.0,74.0,71.0,83.0
36,Lahore,2.0,6.2,166.0,28.0,58.0,54.0
37,Karachi,3.0,3.9,156.0,63.0,63.0,65.0
38,Islamabad,4.1,3.6,174.0,67.0,87.0,67.0
39,Islamabad,2.3,3.8,174.0,50.0,49.0,50.0
40,Islamabad,2.9,2.5,174.0,51.0,48.0,54.0
41,Karachi,3.1,5.6,161.0,47.0,54.0,59.0
42,Islamabad,3.1,3.2,169.0,65.0,52.0,69.0
43,Lahore,1.5,3.9,164.0,42.0,61.0,54.0
44,Lahore,3.1,2.8,162.0,62.0,71.0,71.0
45,Karachi,4.6,3.1,162.0,72.0,64.0,67.0
46,Lahore,1.1,2.1,155.0,55.0,39.0,61.0
47,Islamabad,4.0,5.9,153.0,57.0,66.0,67.0
48,Islamabad,3.1,3.8,171.0,42.0,76.0,57.0
49,Lahore,2.2,5.4,163.0,38.0,33.0,57.0
50,Lahore,5.4,4.0,167.0,64.0,82.0,69.0
51,Lahore,3.9,3.0,173.0,45.0,59.0,53.0
52,Lahore,1.6,3.5,151.0,42.0,64.0,55.0
53,Karachi,3.1,3.2,159.0,69.0,54.0,63.0
54,Karachi,3.7,4.0,166.0,63.0,65.0,56.0
55,Islamabad,2.8,3.4,168.0,48.0,48.0,60.0
56,Karachi,3.8,3.6,162.0,58.0,59.0,62.0
57,Islamabad,2.9,1.9,173.0,71.0,75.0,72.0
58,Islamabad,3.8,2.8,167.0,69.0,75.0,59.0
59,Islamabad,4.7,6.5,155.0,62.0,70.0,63.0
60,Lahore,2.2,3.0,158.0,52.0,50.0,56.0
61,Karachi,3.2,2.4,171.0,64.0,47.0,61.0
62,Islamabad,2.4,4.5,169.0,54.0,56.0,47.0
63,Islamabad,3.2,6.1,150.0,53.0,64.0,58.0
64,Lahore,1.6,1.8,176.0,54.0,54.0,66.0
65,Islamabad,2.3,3.7,170.0,44.0,58.0,57.0
66,Islamabad,2.8,3.1,176.0,61.0,52.0,61.0
67,Lahore,4.1,1.4,162.0,72.0,69.0,71.0
68,Lahore,4.4,5.1,163.0,72.0,71.0,76.0
69,Lahore,1.4,4.0,156.0,33.0,65.0,31.0
70,Karachi,2.0,4.1,185.0,46.0,74.0,55.0
71,Lahore,3.8,2.9,164.0,68.0,67.0,72.0
72,Lahore,0.6,4.7,178.0,22.0,42.0,45.0
73,Lahore,2.4,3.2,160.0,66.0,59.0,78.0
74,Lahore,2.9,3.8,166.0,66.0,57.0,74.0
75,Karachi,4.5,2.3,152.0,73.0,65.0,74.0
76,Lahore,3.8,2.2,162.0,76.0,67.0,75.0
77,Karachi,2.6,6.0,173.0,47.0,51.0,61.0
78,Islamabad,2.6,3.2,155.0,37.0,66.0,47.0
79,Lahore,2.7,4.4,174.0,53.0,60.0,60.0
80,Karachi,4.8,3.9,168.0,72.0,76.0,77.0
81,Islamabad,2.5,3.3,157.0,55.0,58.0,73.0
82,Lahore,2.6,3.2,161.0,48.0,54.0,56.0
83,Islamabad,3.4,4.9,161.0,54.0,57.0,60.0
84,Islamabad,2.9,3.5,165.0,56.0,60.0,63.0
85,Lahore,2.8,3.8,161.0,63.0,57.0,74.0
86,Islamabad,1.7,4.0,158.0,47.0,57.0,56.0
87,Lahore,3.0,5.8,163.0,49.0,63.0,66.0
88,Islamabad,2.5,5.0,157.0,58.0,48.0,57.0
89,Karachi,4.4,4.6,155.0,62.0,72.0,64.0
90,Lahore,3.8,3.2,165.0,64.0,56.0,65.0
91,Lahore,3.0,1.9,172.0,52.0,57.0,64.0
92,Karachi,3.8,5.4,153.0,69.0,65.0,76.0
93,Islamabad,2.6,5.4,165.0,54.0,42.0,51.0
94,Lahore,4.3,3.8,160.0,75.0,72.0,68.0
95,Karachi,3.0,4.8,157.0,57.0,64.0,64.0
96,Lahore,3.7,5.2,172.0,58.0,66.0,59.0
97,Karachi,1.5,5.2,161.0,39.0,50.0,42.0
98,Lahore,3.4,5.4,177.0,52.0,62.0,65.0
99,Islamabad,1.0,3.3,159.0,39.0,42.0,54.0
100,Karachi,0.6,6.3,168.0,26.0,46.0,47.0
